<?xml version='1.0' encoding='utf-8'?>
<!DOCTYPE hibernate-configuration PUBLIC
	"-//Hibernate/Hibernate Configuration DTD 3.0//EN"
	"http://www.hibernate.org/dtd/hibernate-configuration-3.0.dtd">

<hibernate-configuration>
	<session-factory>
		<!-- Database connection settings -->
		<property name="connection.driver_class">org.sqlite.JDBC</property>

		<!-- JDBC connection pool (use the built-in) -->
		<property name="connection.pool_size">1</property>

		<!-- SQL dialect -->
		<property name="dialect">org.hibernate.dialect.SQLiteDialect</property>

		<!-- Enable Hibernate's automatic session context management -->
		<property name="current_session_context_class">org.springframework.orm.hibernate4.SpringSessionContext</property>

		<!-- Disable the second-level cache  -->
		<property name="cache.provider_class">org.hibernate.cache.internal.NoCacheProvider</property>

		<!-- Echo all executed SQL to stdout -->
		<property name="show_sql">true</property>
		<property name="temp.use_jdbc_metadata_defaults">false</property>
		<property name="hbm2ddl.auto"></property>

		<mapping resource="org/myclients/mapping/Client.hbm.xml"/>
		<mapping resource="org/myclients/mapping/Login.hbm.xml"/>
	</session-factory>
</hibernate-configuration>