<?xml version="1.0" encoding="UTF-8"?>
<!DOCTYPE hibernate-mapping PUBLIC
		"-//Hibernate/Hibernate Mapping DTD 3.0//EN"
		"http://www.hibernate.org/dtd/hibernate-mapping-3.0.dtd">

<hibernate-mapping package="org.myclients.domain">
	<class name="Client">
		<id name="id">
			<generator class="identity" />
		</id>
		<property name="name" />
		<property name="lastname" />
		<property name="age" />
		<set name="logins" table="logins" inverse="true" cascade="all,delete-orphan">
			<key column="client_id" />
			<one-to-many class="Login" />
		</set>
	</class>
</hibernate-mapping>